{
   "abstract" : "YOUR APPLICATION ABSTRACT",
   "author" : [
      "YOUR NAME <youremail@example.com>"
   ],
   "dynamic_config" : 0,
   "generated_by" : "ExtUtils::MakeMaker version 7.24, CPAN::Meta::Converter version 2.150010",
   "license" : [
      "perl_5"
   ],
   "meta-spec" : {
      "url" : "http://search.cpan.org/perldoc?CPAN::Meta::Spec",
      "version" : "2"
   },
   "name" : "ReVe",
   "no_index" : {
      "directory" : [
         "t",
         "inc"
      ]
   },
   "prereqs" : {
      "build" : {
         "requires" : {
            "ExtUtils::MakeMaker" : "0"
         }
      },
      "configure" : {
         "requires" : {
            "ExtUtils::MakeMaker" : "0"
         }
      },
      "runtime" : {
         "requires" : {
            "Dancer2" : "0.142",
            "Test::More" : "0",
            "YAML" : "0"
         }
      }
   },
   "release_status" : "stable",
   "version" : "0.1",
   "x_serialization_backend" : "JSON::PP version 2.27400"
}
